respId;startTime;endTime;gender;age;testType;pretestPoints;activityPoints;posttestPoints;pre;post;age;name;city;gender;email;whatsapp;ethnicity;civilState;economicState;institucion;educationLevel;grade
761bb620-1bde-11ec-befe-abb31da90219;1632340125418;1632340230866;Não binário;20;stMale;58;7;58;5,4,3,2,1,2,3,4,5,5,4,3,2,1,2,3,4,5;5,4,3,2,1,2,3,4,5,5,4,3,2,1,2,3,4,5;20;nome;Maceió;Não binário;TESTE F5@1.com;1111111111111111200;Negro;Viúvo;Classe média;UEPAAA;Médio;1111111111111111
9df09750-1bdf-11ec-befe-abb31da90219;1632340641761;1632340750249;;22222222;stFemale;50;7;58;1,2,3,4,5,4,3,2,1,1,2,3,4,5,4,3,2,1;5,4,3,2,1,2,3,4,5,5,4,3,2,1,2,3,4,5;22222222;Rodrigo Faro;;;;;Branco;União estável;Classe média;;Médio;2
b8605260-1bdf-11ec-befe-abb31da90219;1632340641761;1632340750249;;;stFemale;50;7;58;1,2,3,4,5,4,3,2,1,1,2,3,4,5,4,3,2,1;5,4,3,2,1,2,3,4,5,5,4,3,2,1,2,3,4,5;;;;;;;;;;;;
c63f58e0-1bdf-11ec-befe-abb31da90219;0;0;;;;0;0;0;;;;;;;;;;;;;;
dd7ac720-1be3-11ec-8d2a-038c4a9622ff;1632342474638;1632342573542;Não binário;6666666666666666;default;58;7;50;5,4,3,2,1,2,3,4,5,5,4,3,2,1,2,3,4,5;1,2,3,4,5,4,3,2,1,1,2,3,4,5,4,3,2,1;6666666666666666;6666666666;;Não binário;;666;Negro;Casado(a);Classe média;;;666
a0cc7830-1c0d-11ec-8d2a-038c4a9622ff;1632360462533;1632360516628;Mulher;7.777777777777778e+23;stFemale;54;7;49;5,5,4,4,3,3,2,2,1,1,1,2,2,3,3,4,4,5;2,2,3,3,2,2,3,3,3,1,1,2,2,3,3,4,5,5;7.777777777777778e+23;;;Mulher;777777;7777777777777777;;Casado(a);Classe média baixa;;;
ee1bbab0-1c0d-11ec-8d2a-038c4a9622ff;1632360583915;1632360637052;Feminino;;stFemale;54;7;54;1,1,2,2,3,3,4,4,5,5,5,4,4,3,3,2,2,1;5,4,3,2,1,2,3,4,5,1,2,3,4,5,4,3,2,1;;8888888888888888888888888888888888;888888888888888;Feminino;8888888888888888;88888888888888900;;;;;;8888888888888888
